"asd","asdasd","ABab12!@","5","33000","0"
"l","Demo01","Dem@Us3R01","11","19200","0"
"l","Demo07","Dem@Us3R07","15","16000","0"
"l","Demo05","Dem@Us3R05","15","16000","0"
"l","Demo06","Dem@Us3R06","16","16000","0"
"l","Demo04","Dem@Us3R04","14","14000","0"
"l","Demo03","Dem@Us3R03","13","13000","0"
"l","Demo10","Dem@Us3R10","12","12000","0"
"l","Demo09","Dem@Us3R09","11","11000","0"
"l","Demo02","Dem@Us3R02","11","10000","0"
"l","Demo08","Dem@Us3R08","10","9000","0"
"Eric","asdasdasd","asdASD123!@#","10","0","0"
